mysql> SELECT * FROM `users`;
+----+----------+-------------+---------------------+---------------------+
| id | name     | birthday_at | created_at          | updated_at          |
+----+----------+-------------+---------------------+---------------------+
|  1 | Иван     | 1988-08-31  | 2017-10-20 08:10:00 | 2017-10-20 08:10:00 |
|  2 | Петр     | 1990-03-19  | 2018-10-11 14:20:00 | 2018-10-11 14:20:00 |
|  3 | Саша     | 1992-01-15  | 2020-12-06 04:36:00 | 2020-12-06 04:36:00 |
+----+----------+-------------+---------------------+---------------------+
3 rows in set (0,00 sec)


mysql> SELECT COUNT(*), DATE_FORMAT(CONCAT(DATE_FORMAT(NOW(), '%Y'), SUBSTRING(`birthday_at`, 5)), '%w') as week_day from users GROUP BY week_day;
+----------+----------+
| COUNT(*) | week_day |
+----------+----------+
|        1 | 2        |
|        2 | 5        |
+----------+----------+
2 rows in set (0,01 sec)