mysql> SELECT * FROM `shop`.`users`;
+----+--------------------+-------------+---------------------+---------------------+
| id | name               | birthday_at | created_at          | updated_at          |
+----+--------------------+-------------+---------------------+---------------------+
|  1 | Геннадий           | 1990-10-05  | 2021-08-09 14:40:33 | 2021-08-09 14:40:33 |
|  2 | Наталья            | 1984-11-12  | 2021-08-09 14:40:33 | 2021-08-09 14:40:33 |
|  3 | Александр          | 1985-05-20  | 2021-08-09 14:40:33 | 2021-08-09 14:40:33 |
|  4 | Сергей             | 1988-02-14  | 2021-08-09 14:40:33 | 2021-08-09 14:40:33 |
|  5 | Иван               | 1998-01-12  | 2021-08-09 14:40:33 | 2021-08-09 14:40:33 |
|  6 | Мария              | 1992-08-29  | 2021-08-09 14:40:33 | 2021-08-09 14:40:33 |
+----+--------------------+-------------+---------------------+---------------------+
6 rows in set (0,01 sec)


mysql> SELECT * FROM `sample`.`users`;
+----+------------------+-------------+---------------------+---------------------+
| id | name             | birthday_at | created_at          | updated_at          |
+----+------------------+-------------+---------------------+---------------------+
|  1 | Геннадий         | 1990-10-05  | 2021-08-09 14:40:33 | 2021-08-09 14:40:33 |
+----+------------------+-------------+---------------------+---------------------+
1 row in set (0,01 sec)