# Пусть в таблице users поля created_at и updated_at оказались незаполненными.
# Заполните их текущими датой и временем.


mysql> SELECT * FROM `users`;
+--------------------+-------------+------------+------------+
| name               | birthday_at | created_at | updated_at |
+--------------------+-------------+------------+------------+
| Геннадий           | 1990-10-05  | NULL       | NULL       |
| Наталья            | 1984-11-12  | NULL       | NULL       |
| Александр          | 1985-05-20  | NULL       | NULL       |
| Сергей             | 1988-02-14  | NULL       | NULL       |
| Иван               | 1988-01-12  | NULL       | NULL       |
| Мария              | 1992-08-29  | NULL       | NULL       |
+--------------------+-------------+------------+------------+
6 rows in set (0,00 sec)


mysql> UPDATE `users` SET `created_at` = NOW(), `updated_at` = NOW();
Query OK, 6 rows affected (0,00 sec)
Rows matched: 6  Changed: 6  Warnings: 0


mysql> SELECT * FROM `users`;
+--------------------+-------------+---------------------+---------------------+
| name               | birthday_at | created_at          | updated_at          |
+--------------------+-------------+---------------------+---------------------+
| Геннадий           | 1990-10-05  | 2021-07-27 16:09:41 | 2021-07-27 16:09:41 |
| Наталья            | 1984-11-12  | 2021-07-27 16:09:41 | 2021-07-27 16:09:41 |
| Александр          | 1985-05-20  | 2021-07-27 16:09:41 | 2021-07-27 16:09:41 |
| Сергей             | 1988-02-14  | 2021-07-27 16:09:41 | 2021-07-27 16:09:41 |
| Иван               | 1988-01-12  | 2021-07-27 16:09:41 | 2021-07-27 16:09:41 |
| Мария              | 1992-08-29  | 2021-07-27 16:09:41 | 2021-07-27 16:09:41 |
+--------------------+-------------+---------------------+---------------------+
6 rows in set (0,00 sec)